{
  "dimensions": 2,
  "operation": "insert",
  "operationId": 2,
  "treeSize": 3,
  "target": {
    "min": [29.3191, 8.40886],
    "max": [33.512, 12.7209]
  },
  "treeNodes": [
    {
      "id": 0,
      "level": 0,
      "isLeaf": true,
      "min": [29.3191, 8.40886],
      "max": [88.6755, 40.3072],
      "children": [],
      "dataPointIds": [1000, 1001, 1002]
    }
  ],
  "dataPoints": [
    {
      "id": 1000,
      "min": [34.8702, 11.1706],
      "max": [43.1947, 19.9289]
    },
    {
      "id": 1001,
      "min": [82.7659, 38.2869],
      "max": [88.6755, 40.3072]
    },
    {
      "id": 1002,
      "min": [29.3191, 8.40886],
      "max": [33.512, 12.7209]
    }
  ]
}
